label,paddle_y,0,ball_x,ball_y,ball_dx,ball_dy,x_prev,y_prev
down,210,0,109.06500000000001,366.8528933370166,162.7,162.7,100.77770400000001,358.56559733701664
stop,338.50199999999995,0,216.34210399999992,454.80210400000004,167.89199999999997,-167.89199999999997,208.12499999999991,463
up,338.50199999999995,0,250.5890159999999,420.637648,169.51599999999993,-169.51599999999993,241.7849999999999,429.42003200000005
stop,249.59999999999997,0,327.50810399999983,343.89783200000005,173.1079999999999,-173.1079999999999,318.6899999999998,352.69512800000007
up,249.59999999999997,0,353.3899999999998,318.0751440000001,174.2999999999999,-174.2999999999999,344.68499999999983,326.7601440000001
stop,199.90199999999996,0,397.3913039999997,274.1747920000001,176.3079999999999,-176.3079999999999,388.58590399999974,282.96019200000006
up,199.90199999999996,0,441.7183039999997,229.94816000000012,178.3079999999999,-178.3079999999999,432.8129039999997,238.83356000000012
stop,150.402,0,486.54530399999965,185.22120800000013,180.30799999999988,-180.30799999999988,477.53990399999964,194.20660800000013
up,150.402,0,540.9977039999997,130.88893600000014,182.70799999999986,-182.70799999999986,532.0546159999997,139.81281600000014
up,31.60199999999997,0,595.2093199999998,33.94471000000025,-187.50799999999987,-94.34999999999994,604.5547199999999,38.63221000000025
stop,21.89999999999997,0,586.0310319999998,29.331164000000253,-187.89999999999986,-94.74199999999993,595.2093199999998,33.94471000000025
down,21.89999999999997,0,557.4394479999997,17,-189.11599999999987,95.95799999999994,566.8652479999997,19.667496000000263
stop,199.308,0,385.1375439999998,106.18963199999997,-196.2839999999999,103.12599999999998,394.9217439999998,101.04333199999998
down,199.308,0,355.66495999999984,121.74853199999997,-197.4839999999999,104.32599999999998,365.50915999999984,116.54223199999997
stop,229.60199999999998,0,325.41871199999986,137.80404599999997,-198.70799999999988,105.54999999999998,335.71907999999985,132.32626199999996
down,229.60199999999998,0,256.3240799999998,174.80321,-201.47599999999986,108.318,265.96727999999985,169.613162
stop,279.29999999999995,0,205.6024079999998,202.24303199999994,-203.48399999999987,110.32600000000002,215.7466079999998,196.73673199999996
down,279.29999999999995,0,123.11143199999984,247.3540459999999,-206.70799999999983,113.55000000000003,133.62232799999984,241.5733999999999
stop,318.1079999999999,0,82.52007199999989,269.76350999999994,-208.27599999999984,115.11800000000004,92.07537599999988,264.4765459999999
up,318.1079999999999,0,30.301279999999938,298.7930099999999,-210.2759999999998,117.11800000000002,40.57599199999993,293.0638319999999
stop,248.6099999999999,0,70.02099999999996,355.13498199999987,213.0839999999998,178.889,60.22759999999996,346.91455199999984
up,248.6099999999999,0,199.9650879999998,463,217.9079999999998,-183.713,189.29719999999983,455.4671519999999
stop,209.6039999999999,0,243.04819999999978,426.731023,219.48399999999978,-185.289,232.3030879999998,435.781372
up,209.6039999999999,0,332.3725999999996,351.38498699999985,222.71599999999975,-188.52099999999996,321.0244879999996,360.9683459999999
stop,160.3019999999999,0,388.0768879999995,304.2947179999998,224.70799999999974,-190.51299999999995,376.8514879999995,313.79036799999983
up,160.3019999999999,0,455.1679999999993,247.4774009999998,227.0839999999997,-192.8889999999999,444.5038879999994,256.5166759999998
stop,90.80399999999992,0,535.3672879999992,179.4214459999998,229.89199999999965,-195.69699999999986,523.8826879999992,189.1762959999998
down,90.80399999999992,0,530.4513279999999,60.31386549999992,-236.27599999999964,-102.62049999999994,542.0000399999999,65.31345799999991
stop,140.50199999999992,0,470.99488799999995,34.404955999999935,-238.28399999999965,-104.62849999999995,482.87908799999997,39.606380999999935
down,140.50199999999992,0,447.404808,24.04677049999994,-239.07599999999962,-105.42049999999995,458.852808,29.079306499999937
stop,199.90199999999993,0,375.44216800000015,37.979153999999994,-241.47599999999963,107.82049999999997,387.4859680000001,32.598129
up,199.90199999999993,0,302.0301280000002,71.01600149999996,-243.8999999999996,110.24449999999999,314.4378160000002,65.40393599999997
stop,179.90399999999994,0,277.39626400000026,82.19149999999995,-244.7079999999996,111.05249999999998,290.08863200000025,76.42758599999995
down,179.90399999999994,0,93.92181599999984,245.62725649999982,255.91599999999946,122.26049999999996,80.88050399999987,239.40237499999984
down,298.7039999999999,0,248.91141599999952,320.4235564999996,260.71599999999944,127.06049999999995,235.36499999999955,313.82722649999965
down,318.3059999999999,0,274.76150399999943,333.0417499999996,261.50799999999947,127.85249999999995,261.4349999999995,326.5316764999996
down,327.41399999999993,0,286.7993359999994,338.9314289999996,261.87599999999946,128.22049999999996,274.76150399999943,333.0417499999996
down,348.2039999999999,0,314.3404159999993,352.4386814999995,262.71599999999944,129.06049999999996,300.6899999999994,345.73835149999957
stop,367.4099999999999,0,339.8615039999993,364.99518599999953,263.49199999999945,129.83649999999994,326.9599999999993,358.6428014999995
up,367.4099999999999,0,459.242903999999,424.23161099999953,267.0919999999995,133.43649999999988,446.164999999999,417.7028264999995
stop,337.9079999999999,0,499.1284159999989,444.2024534999995,268.2839999999995,134.62849999999986,486.2599999999989,437.7495014999995
up,337.9079999999999,0,566.9899999999986,449.145493,270.2999999999995,-136.64449999999982,553.2151039999986,456.0831505
stop,209.00999999999982,0,513.3254640000002,386.55408575000007,-275.5079999999995,-72.53024999999991,527.8936800000001,390.36448100000007
down,209.00999999999982,0,472.79702400000025,375.863375,-276.68399999999957,-73.70624999999991,486.0502080000002,379.37362700000006
stop,268.60799999999983,0,389.2739440000003,353.43659775000003,-279.09199999999953,-76.11424999999993,403.4764240000003,357.2872125
down,268.60799999999983,0,319.35121600000036,334.25830725000003,-281.09199999999953,-78.11424999999993,332.81598400000036,337.98014325
stop,289.00199999999984,0,290.39874400000036,326.21254350000004,-281.91599999999954,-78.93824999999993,304.74524800000034,330.20718225
up,289.00199999999984,0,206.43467200000043,302.5328632499999,-284.2919999999995,-81.31424999999994,220.0530400000004,306.4082992499999
stop,268.80599999999987,0,177.43690400000048,294.2388257499999,-285.1079999999995,-82.13024999999995,191.66230400000046,298.31533824999985
up,268.80599999999987,0,135.21175200000056,282.0543807499999,-286.2919999999995,-83.31424999999994,149.21124800000055,286.10796699999986
stop,209.60399999999987,0,49.372176000000714,256.90515199999993,-288.6839999999995,-85.70624999999994,63.488880000000684,261.0759462499999
up,209.60399999999987,0,191.21079999999972,190.67604049999994,294.68399999999946,-91.70624999999997,177.07518399999975,195.05029249999993
stop,120.10799999999992,0,325.2251839999995,148.58979150000005,298.29999999999944,-95.32224999999995,309.4265199999995,153.60816275000005
down,120.10799999999992,0,607.6954000000001,47.19761150000006,-306.6919999999993,-52.05712499999999,623,49.77046775000006
stop,179.30999999999995,0,515.7564960000001,31.39453512500007,-309.08399999999926,-54.449124999999995,529.948968,33.87380287500007
up,179.30999999999995,0,360.41467200000034,28.359241625000003,-313.08399999999926,58.449125,376.0388720000003,25.446785375
stop,119.71199999999992,0,265.93500000000046,46.31483225000001,-315.4919999999992,60.857125,281.99388000000044,43.221522875000005
up,119.71199999999992,0,187.22890400000063,61.71626037500001,-317.4839999999992,62.84912500000001,201.8077760000006,58.83366462500001
stop,89.81399999999992,0,139.25861600000073,71.29768225000002,-318.69199999999915,64.05712500000001,154.2106320000007,68.29583337500002
up,89.81399999999992,0,27.687816000001032,94.14082287500004,-321.4839999999991,66.84912500000002,42.450688000000994,91.07422712500004
stop,49.42199999999991,0,66.02121599999987,113.05665787500006,323.11599999999913,102.11368750000001,50.19813599999991,108.06269118750006
down,49.42199999999991,0,359.0747039999989,207.87107156250005,330.291999999999,109.28968750000004,342.570103999999,202.41658718750006
stop,227.62199999999987,0,588.99492,303.62986509374997,-337.491999999999,58.64884375000002,605.83952,300.70742290625
down,227.62199999999987,0,487.8469120000004,321.523473375,-339.88399999999905,61.04084375000003,504.4724160000003,318.54207603124996
stop,307.81199999999984,0,349.7022000000007,346.9011150937499,-343.12399999999906,64.28084375000003,366.82840000000067,343.69707290624996
down,307.81199999999984,0,247.21473600000087,366.4120225312498,-345.5079999999991,66.66484375000003,264.46013600000083,363.0887803437498
stop,366.61799999999977,0,144.36395200000112,386.5643171249998,-347.883999999999,69.04084375000005,161.72815200000107,383.12227493749975
down,366.61799999999977,0,74.70736000000132,400.5324858749998,-349.48399999999896,70.64084375000006,92.15156000000127,397.0104436874998
stop,406.2179999999997,0,17,414.82065462499975,351.08399999999887,36.12042187500004,22.254904000001464,411.21861243749976
up,406.2179999999997,0,318.6692879999989,448.4559376406247,357.8919999999988,42.92842187500005,301.857199999999,446.44713781249976
stop,346.6199999999996,0,426.7571839999986,461.7397966249997,360.2999999999989,45.336421875000056,408.39228799999864,459.4380431093747
up,346.6199999999996,0,589.3382879999979,444.363684515625,363.8919999999988,-48.92842187500005,571.517183999998,446.73236518749997
stop,307.01999999999964,0,586.16692,437.00889744531247,-365.49199999999877,-25.668210937500024,604.7758,438.28676420312496
down,307.01999999999964,0,458.26247200000034,427.70295182812487,-368.2839999999988,-28.460210937500026,477.0137440000003,429.1232105859374
stop,347.2139999999996,0,383.4184240000006,421.8431330078123,-369.90799999999876,-30.084210937500025,402.6211920000005,423.37506397656233
down,347.2139999999996,0,253.97303200000098,410.9962433906247,-372.6999999999987,-32.876210937500026,272.2065200000009,412.5783657265622
stop,377.1119999999996,0,197.6651600000012,406.0017635390622,-373.90799999999865,-34.084210937500025,217.44857600000114,407.77451871874973
up,377.1119999999996,0,226.4373039999992,366.22393405468705,382.3079999999985,-42.484210937500016,206.18621599999926,368.44188923437457
stop,189.40799999999967,0,592.4601039999976,322.733686085937,389.8919999999984,-50.06821093750001,572.5860159999977,325.2559528437495
down,189.40799999999967,0,581.5883600000002,315.1319942343745,-391.5239999999984,-26.274105468750005,602.6956640000001,316.51580392968697
stop,257.91599999999966,0,445.7793440000007,305.69944174218705,-394.2919999999984,-29.04210546875,465.85702400000065,307.1493771210933
down,257.91599999999966,0,386.6055440000009,301.31312592187453,-395.4919999999983,-30.242105468749997,406.35014400000085,302.79523119531206
stop,297.31799999999964,0,307.82355200000126,295.21586293359326,-397.0839999999983,-31.83410546875,326.4599920000012,296.6855578906245
up,297.31799999999964,0,168.09513600000184,283.690159914062,-399.8919999999983,-34.64210546875,188.05973600000178,285.3922651874995
stop,257.9159999999996,0,88.43764000000218,276.71739292578076,-401.4839999999983,-36.23410546875001,108.0815440000021,278.4640520937495
up,257.9159999999996,0,35.95491199999992,267.5089785585932,403.4839999999982,-38.23410546875,17,269.2794735156245
stop,228.21599999999958,0,96.56751199999965,261.74387873828067,404.6839999999982,-39.434105468750005,76.74759999999975,263.6473379062494
down,228.21599999999958,0,321.1718959999987,238.97913251953065,409.0999999999982,-43.850105468750016,299.9095119999988,241.22689000390565
stop,287.41799999999955,0,443.85039999999816,225.6299229843744,411.4919999999982,-46.24210546875002,424.9302319999982,227.7316678359369
down,287.41799999999955,0,547.8003999999976,213.82454440624937,413.50799999999816,-48.25810546875002,526.3087999999977,216.30151789062438
stop,366.22199999999947,0,540.3159680000002,194.14287442968686,-416.6919999999981,-51.442105468750015,560.7050640000002,196.6347255976556
up,366.22199999999947,0,477.7821840000004,186.39657460937434,-417.89199999999806,-52.64210546875002,498.64678400000037,188.99867988281184
up,247.42199999999966,0,225.84700000000151,153.61132732812425,-422.69199999999785,-57.44210546875001,246.9516000000014,156.45343260156176
up,227.42399999999967,0,183.1551120000017,147.80967867578048,-423.49999999999784,-58.25010546875001,204.3001120000016,150.692183949218
up,217.72199999999967,0,162.41321600000182,144.96502750781173,-423.89199999999784,-58.64210546875001,183.1551120000017,147.80967867578048
up,197.72399999999968,0,119.60016000000203,139.042210855468,-424.69999999999783,-59.45010546875001,141.65211200000192,142.10116833984299
up,177.92399999999967,0,77.13016000000225,133.097200308593,-425.4999999999978,-60.25010546875001,98.37516000000214,136.0797055820305
up,168.02399999999966,0,55.865160000002355,130.09469503515547,-425.89999999999776,-60.650105468750006,77.13016000000225,133.097200308593
up,148.42199999999966,0,13.70106400000258,124.09033859374921,-426.69199999999773,-61.44210546875001,35.00566400000247,127.13244386718671
up,128.42399999999967,0,627.135,47.14595475765928,-157.9,157.9,635,39.260954757659285
up,118.52399999999966,0,619.25,55.050954757659284,-158.3,158.3,627.135,47.14595475765928
up,98.52599999999967,0,603.2617359999999,71.08005875765929,-159.108,159.108,611.502904,62.81725875765929
up,79.12199999999966,0,587.6691679999999,86.71105875765929,-159.892,159.892,595.3163359999999,79.04545875765929
stop,79.12199999999966,0,587.6691679999999,86.71105875765929,-159.892,159.892,595.3163359999999,79.04545875765929
down,79.12199999999966,0,547.2240159999999,127.25785875765928,-161.908,161.908,555.4501119999999,119.01095475765929
down,187.82399999999967,0,457.35022399999974,217.3509547576592,-166.29999999999995,166.29999999999995,465.47011199999974,209.2118587576592
down,207.62399999999968,0,440.72022399999975,234.02095475765918,-167.09999999999997,167.09999999999997,449.04522399999973,225.67595475765918
stop,336.3239999999996,0,330.67552799999976,344.325954757659,-172.29999999999993,172.29999999999993,339.08941599999974,335.892858757659
up,336.3239999999996,0,278.7455919999997,396.37595475765903,-174.69999999999987,174.69999999999987,287.1035439999997,387.99957075765906
stop,177.7259999999996,0,136.56574399999968,391.53414400000014,-181.1079999999998,-181.1079999999998,145.41122399999966,400.3796240000001
up,177.7259999999996,0,128.0625039999997,383.03090400000013,-181.4839999999998,-181.4839999999998,136.56574399999968,391.53414400000014
stop,157.3319999999996,0,109.36968799999973,364.33808800000014,-182.30799999999982,-182.30799999999982,118.4550879999997,373.42348800000013
down,157.3319999999996,0,109.36968799999973,364.33808800000014,-182.30799999999982,-182.30799999999982,118.4550879999997,373.42348800000013
down,276.3299999999996,0,26.345799999999993,248.89918000000023,187.1159999999998,-280.47399999999965,17,262.8928800000002
down,295.9319999999996,0,44.909487999999975,221.13229000000027,187.90799999999976,-281.2659999999997,35.89911999999998,234.60541000000023
down,305.8319999999996,0,54.31488799999996,207.07899000000026,188.30799999999977,-281.66599999999966,44.909487999999975,221.13229000000027
stop,345.43199999999956,0,92.13648799999991,150.66590200000033,189.90799999999976,-283.2659999999996,82.84059999999992,164.5171240000003
up,345.43199999999956,0,178.59859999999975,22.280172000000537,193.5159999999998,-286.87399999999946,168.93279999999976,36.59387200000051
up,226.43399999999957,0,296.3465199999995,177.07690999999966,198.32399999999978,291.68199999999933,286.2423999999995,162.2115319999997
up,206.83199999999957,0,316.0197999999995,205.9926319999996,199.1159999999998,292.4739999999993,306.2727199999995,191.67100999999963
up,196.93199999999956,0,325.9855999999995,220.62633199999954,199.5159999999998,292.8739999999993,316.0197999999995,205.9926319999996
up,176.93399999999957,0,346.1775199999995,250.2474099999995,200.32399999999978,293.6819999999993,335.5715839999995,234.69349999999952
up,157.33199999999957,0,366.0487999999995,279.36113199999943,201.1159999999998,294.47399999999925,356.00299999999953,264.64743199999947
up,147.23399999999958,0,376.3161199999995,294.3897099999994,201.52399999999977,294.88199999999927,366.0487999999995,279.36113199999943
stop,138.3239999999996,0,385.3927999999995,307.6674999999994,201.8839999999998,295.2419999999993,376.3161199999995,294.3897099999994
down,138.3239999999996,0,52.60999999999999,209.80285359813942,159.89999999999998,159.89999999999998,44.306016,201.4988695981394
stop,296.1299999999996,0,182.591136,339.78398959813927,166.27599999999995,166.27599999999995,174.287336,331.4801895981393
up,296.1299999999996,0,233.17130399999994,390.3641575981393,168.69199999999995,168.69199999999995,224.41013599999994,381.6029895981393
stop,256.92599999999965,0,266.7291359999999,423.92198959813936,170.27599999999995,170.27599999999995,258.2253359999999,415.41818959813935
down,256.92599999999965,0,300.7724639999999,457.96531759813934,171.8679999999999,171.8679999999999,292.53201599999994,449.7248695981394
stop,336.7199999999996,0,370.68490399999985,402.690976,175.0919999999999,-175.0919999999999,362.11499999999984,411.24167199999994
up,336.7199999999996,0,397.03870399999977,376.39728799999995,176.2919999999999,-176.2919999999999,388.0582159999998,385.35696799999994
up,227.4239999999996,0,495.5707039999996,278.0875439999999,180.70799999999986,-180.70799999999986,486.0044159999996,287.6313599999999
stop,138.91799999999958,0,577.1464159999995,196.69,184.28399999999985,-184.28399999999985,568.1261039999995,205.691104
up,138.91799999999958,0,519.1786880000002,46.83338400000011,-190.69199999999978,-190.69199999999978,528.6832880000002,56.3379840000001
stop,99.51599999999958,0,481.15180000000026,17,-192.28399999999976,192.28399999999976,490.54490400000026,18.199600000000146
down,99.51599999999958,0,461.34655200000026,36.84768799999997,-193.10799999999975,193.10799999999975,471.35572000000025,26.816887999999988
down,217.72199999999958,0,344.87380000000036,153.5587999999998,-197.8839999999997,197.8839999999997,354.9346720000004,143.47711999999981
down,227.8199999999996,0,334.79212000000035,163.66128799999976,-198.2919999999997,198.2919999999997,344.87380000000036,153.5587999999998
down,247.42199999999957,0,315.16124800000034,183.33139999999975,-199.08399999999966,199.08399999999966,325.28332000000034,173.18851999999976
down,267.2219999999996,0,295.2528640000004,203.2797999999997,-199.88399999999965,199.88399999999965,305.4157360000004,193.09611999999973
stop,376.1219999999995,0,184.32679200000052,314.42599999999953,-204.28399999999962,204.28399999999962,194.51099200000053,304.2217999999996
down,376.1219999999995,0,555.450464,339.70621551615613,-161.49999999999994,161.49999999999994,563.655752,331.48011951615615
stop,408,0,498.2489920000001,397.0498315161561,-164.31599999999995,164.31599999999995,506.76097600000014,388.5162155161561
up,408,0,440.72128000000004,454.71621551615607,-167.09999999999994,167.09999999999994,448.88036800000003,446.537919516156
stop,60.70799999999996,0,136.0267919999999,166.65051199999988,-181.13199999999992,-181.13199999999992,145.7729279999999,176.39664799999989
down,60.70799999999996,0,127.52242399999989,158.14614399999988,-181.50799999999992,-181.50799999999992,136.0267919999999,166.65051199999988
stop,100.30799999999996,0,91.14090399999989,121.76462399999988,-183.1079999999999,-183.1079999999999,99.9024399999999,130.5261599999999
up,100.30799999999996,0,72.8301039999999,103.4538239999999,-183.9079999999999,-183.9079999999999,81.9955039999999,112.61922399999989
up,12,0,64.67986399999997,17,188.73199999999989,95.38199999999996,54.68830399999998,20.07834999999995
up,12,0,74.12646399999997,21.7791,189.1319999999999,95.78199999999997,64.67986399999997,17
stop,12,0,83.02450399999996,26.289689999999997,189.5079999999999,96.15799999999997,74.12646399999997,21.7791
down,12,0,131.03453599999995,50.775521999999995,191.5239999999999,98.17399999999998,121.08610399999995,45.68129
stop,180.49800000000002,0,296.91826399999974,137.21839999999995,198.33199999999982,104.98200000000001,287.01166399999977,131.97929999999997
down,180.49800000000002,0,316.1941039999997,147.43928999999994,199.1079999999998,105.75800000000001,306.0499999999997,142.05603599999995
stop,279.3,0,416.54499999999945,201.20853599999998,203.0999999999998,109.75000000000001,406.60270399999945,195.84038999999999
down,279.3,0,488.53181599999937,240.336152,205.91599999999977,112.56600000000002,478.45153599999935,234.830022
stop,348.59999999999997,0,561.0924159999992,280.2242520000001,208.71599999999975,115.36600000000001,551.2915999999992,274.8108860000001
down,348.59999999999997,0,602.941736,326.7735360000001,-211.89999999999972,118.55,613.296024,320.9741900000001
stop,408,0,505.8837200000005,381.5418860000001,-215.5399999999997,122.19000000000003,516.8450480000005,375.32060000000007
up,408,0,387.44308000000063,449.32353599999993,-219.89999999999966,126.55000000000003,397.97063200000065,443.25835199999995
stop,348.6000000000001,0,321.23336800000067,444.31544399999996,-222.29999999999967,-128.95000000000005,331.6549600000007,450.349586
up,348.6000000000001,0,287.41306400000065,424.6843399999999,-223.51599999999965,-130.16600000000003,298.78116800000066,431.2915939999999
stop,299.1000000000001,0,231.38414400000076,391.9929199999999,-225.51599999999962,-132.166,243.07852800000074,398.83310399999993
up,299.1000000000001,0,163.03533600000088,351.83581199999975,-227.93199999999962,-134.582,174.4019360000009,358.53491199999974
stop,250.19400000000005,0,106.59016800000094,318.44809399999974,-229.90799999999962,-136.558,117.36933600000093,324.83981199999977
up,250.19400000000005,0,36.68360000000106,276.82657599999976,-232.3319999999996,-138.98199999999997,49.19453600000103,284.29661199999975
stop,142.08599999999998,0,121.77253599999977,231.13876599999975,236.69999999999953,-73.45899999999999,110.6564719999998,234.56483099999974
down,142.08599999999998,0,193.14253599999964,208.86120999999974,239.09999999999957,-75.85900000000002,181.19753599999967,212.62415999999976
stop,379.6860000000001,0,485.822535999999,112.55176999999968,248.69999999999953,-85.45900000000005,474.639135999999,116.37312499999967
down,379.6860000000001,0,573.8605519999988,82.11648999999966,251.5159999999995,-88.27500000000005,560.7925359999989,86.67434199999965
stop,408,0,598.194632,55.573819999999635,-253.89999999999947,-90.65900000000003,610.60692,59.98729899999963
up,408,0,585.0026479999999,50.87036799999963,-254.31599999999946,-91.07500000000003,598.194632,55.573819999999635
stop,170.796,0,275.07064000000037,94.77866600000004,-263.89999999999924,100.6590000000001,288.23564000000033,89.75571600000004
up,170.796,0,33.330024000001046,189.15116100000014,-271.1399999999992,107.89900000000013,48.20642400000101,183.22881600000014
stop,62.68799999999999,0,139.89668799999967,273.6540165000003,275.50799999999924,166.60450000000012,125.85618399999971,265.1675910000003
down,62.68799999999999,0,264.96439999999933,349.6062500000003,279.1159999999992,170.2125000000001,250.73988799999935,340.93581650000027
stop,270.588,0,562.4461999999979,400.76633599999985,287.515999999999,-178.61250000000007,548.941783999998,409.1346154999999
down,270.588,0,579.2552480000002,342.6578042499998,-290.70799999999895,-91.50625000000004,592.8920160000001,346.93208999999985
stop,329.98800000000006,0,491.8032800000005,314.9663612499998,-293.107999999999,-93.90625000000003,505.84481600000043,319.4462132499998
up,329.98800000000006,0,402.7470480000008,286.2682594999997,-295.5319999999989,-96.33025000000005,418.67078400000076,291.43510099999975
up,211.98000000000008,0,225.42668000000137,227.6721344999997,-300.29999999999876,-101.09825000000006,240.41168000000133,232.69704699999969
stop,202.08000000000007,0,210.42168000000143,222.62722199999968,-300.69999999999874,-101.49825000000007,225.42668000000137,227.6721344999997
up,202.08000000000007,0,119.97169600000178,191.9377629999996,-303.09999999999866,-103.89825000000009,135.0966960000017,197.1026754999996
stop,52.98600000000007,0,140.62143199999943,133.18478899999945,309.12399999999855,-56.56912500000006,124.5577999999995,136.09393549999945
down,52.98600000000007,0,217.53019999999913,119.00814199999945,311.1079999999986,-58.55312500000006,201.6740959999992,121.96313937499946
stop,300.4860000000001,0,612.6651999999973,40.066879749999345,321.10799999999847,-68.5531250000001,596.9405119999974,43.39717087499935
up,300.4860000000001,0,558.6168160000003,22.708865374999323,-323.11599999999845,-70.5611250000001,574.7426160000002,26.206921624999328
stop,171.5880000000001,0,346.83411200000137,57.53438387500007,-328.32399999999825,75.76912500000016,363.2203120000013,53.75592762500006
up,171.5880000000001,0,281.0893120000017,72.84820887500011,-329.92399999999816,77.36912500000018,297.5555120000016,68.9897526250001
stop,111.9900000000001,0,181.54065600000223,96.49871950000018,-332.3319999999981,79.7771250000002,198.12725600000215,92.51986325000016
up,111.9900000000001,0,48.127904000002964,129.04956950000025,-335.5319999999981,82.9771250000002,65.20882400000286,124.82814012500023
stop,52.3920000000001,0,84.76433599999963,162.8076891875003,337.9399999999981,127.2736875000003,67.53979999999973,156.3271351250003
down,52.3920000000001,0,288.62559999999837,240.47983200000044,342.7319999999981,132.06568750000025,272.1836799999985,234.1498950000004
down,161.4900000000001,0,478.6853359999973,314.46242981250055,347.13999999999805,136.4736875000002,460.6448719999974,307.37661406250055
down,181.29000000000008,0,513.4393359999971,328.14979856250056,347.93999999999807,137.2736875000002,495.7047999999972,321.15924450000057
stop,221.0880000000001,0,583.5368799999967,355.9034137500006,349.54799999999807,138.88168750000017,566.0694799999968,348.9693293750006
down,221.0880000000001,0,618.5316799999964,369.8315825000006,350.347999999998,139.68168750000018,601.0242799999966,362.8574981250006
stop,260.6880000000001,0,570.3579440000003,397.9279200000006,-351.94799999999793,141.2816875000002,587.9253440000002,390.8738356250006
down,260.6880000000001,0,35.592559999999885,298.4838203749997,364.7639999999978,-154.0976875000001,17,306.3115904374997
stop,290.19000000000017,0,90.03119999999956,275.49379693749967,365.9559999999978,-155.28968750000007,72.47452799999967,282.9200539374997
up,290.19000000000017,0,404.3565599999976,140.78709287499953,372.7639999999977,-162.09768750000006,384.61130399999774,149.34456231249953
stop,111.79200000000014,0,509.8653760000007,34.3960498125,-379.97199999999754,169.30568750000003,528.8339760000006,25.9407654375
down,111.79200000000014,0,396.39704800000135,85.20436068750001,-382.35599999999755,171.6896875,416.24711200000127,76.2873129375
down,220.09800000000016,0,186.27004800000267,180.31545575,-386.7319999999975,176.06568749999997,204.80553600000255,171.87351875000002
stop,230.39400000000015,0,166.1708000000028,189.48168750000002,-387.1479999999975,176.48168749999996,186.27004800000267,180.31545575
down,230.39400000000015,0,108.45640800000318,215.86626293750004,-388.33999999999753,177.67368749999997,125.90740800000307,207.879047
stop,290.7840000000001,0,635,18.059845439429857,-157.5,157.5,-10.235095999996078,270.42883762499997
up,290.7840000000001,0,547.5468240000001,105.73294943942983,-161.89199999999997,161.89199999999997,555.7721040000001,97.48686143942984
stop,211.18800000000007,0,481.981776,171.45994943942983,-165.10799999999995,165.10799999999995,490.207176,163.21454943942985
down,211.18800000000007,0,440.72136,212.8198454394298,-167.09999999999994,167.09999999999994,449.37811200000004,204.1414614394298
down,329.3940000000001,0,339.77514400000007,314.00418143942966,-171.8759999999999,171.8759999999999,348.50960800000007,305.24890943942967
down,349.19400000000013,0,322.58768800000007,331.2317814394296,-172.6759999999999,172.6759999999999,330.6769520000001,323.12484543942963
down,359.4900000000001,0,313.61935200000005,340.2217494394296,-173.0919999999999,173.0919999999999,322.58768800000007,331.2317814394296
stop,368.99400000000014,0,305.320152,348.5393814394296,-173.47599999999989,173.47599999999989,313.61935200000005,340.2217494394296
up,368.99400000000014,0,137.10836800000004,418.257392,-181.08399999999986,-181.08399999999986,146.49228800000003,427.64131199999997
up,260.09400000000016,0,36.522488000000095,317.67151200000006,-185.48399999999984,-185.48399999999984,45.582392000000084,326.731416
up,239.70000000000016,0,17.417672000000113,298.56669600000004,-186.30799999999985,-186.30799999999985,27.258288000000103,308.40731200000005
up,220.49400000000014,0,-0.6541039999998718,309.88311800000014,-187.08399999999983,280.4219999999998,8.85596800000012,295.59200000000016
up,209.80200000000013,0,635,274.2208877096235,-157.5,157.5,-10.744975999999863,325.03757000000013
stop,200.89200000000014,0,627.9206,281.3164877096235,-157.86,157.86,635,274.2208877096235
down,200.89200000000014,0,556.2540639999999,353.1634877096235,-161.45999999999998,161.45999999999998,563.6558319999998,345.7447917096235
down,310.1880000000001,0,466.1312319999997,443.5082237096233,-165.87599999999998,165.87599999999998,474.72433599999977,434.8934877096233
down,329.79000000000013,0,449.7095439999997,459.96915170962325,-166.66799999999995,166.66799999999995,458.1783999999997,451.47948770962324
down,349.3920000000001,0,433.2095119999997,455.155888,-167.45999999999995,-167.45999999999995,441.0536239999997,463
down,360.2820000000001,0,424.01131199999963,445.95768799999996,-167.89999999999995,-167.89999999999995,433.2095119999997,455.155888
stop,369.1920000000001,0,416.46391199999965,438.410288,-168.25999999999996,-168.25999999999996,424.01131199999963,445.95768799999996
up,369.1920000000001,0,356.71216799999956,378.6585439999999,-171.0839999999999,-171.0839999999999,365.40623999999957,387.3526159999999
up,250.78800000000015,0,253.21209599999946,275.1584719999998,-175.86799999999985,-175.86799999999985,261.97549599999945,283.9218719999998
up,241.08600000000015,0,244.60416799999948,266.55054399999983,-176.25999999999985,-176.25999999999985,253.21209599999946,275.1584719999998
up,220.89000000000016,0,226.6256639999995,248.57203999999984,-177.07599999999985,-177.07599999999985,235.80116799999948,257.74754399999983
up,201.28800000000015,0,209.0951759999995,231.04155199999988,-177.86799999999982,-177.86799999999982,217.60519199999948,239.55156799999986
up,191.58600000000015,0,200.3892479999995,222.33562399999988,-178.25999999999982,-178.25999999999982,209.0951759999995,231.04155199999988
up,171.58800000000014,0,182.3849919999995,204.33136799999988,-179.0679999999998,-179.0679999999998,191.4862479999995,213.4326239999999
up,150.79800000000014,0,163.5830479999995,185.5294239999999,-179.90799999999982,-179.90799999999982,173.6202639999995,195.5666399999999
up,141.69000000000014,0,155.3157439999995,177.2621199999999,-180.2759999999998,-180.2759999999998,163.5830479999995,185.5294239999999
up,121.89000000000016,0,137.28820799999954,159.23458399999993,-181.0759999999998,-181.0759999999998,146.67171199999953,168.61808799999991
up,102.09000000000016,0,119.18062399999955,141.12699999999995,-181.87599999999978,-181.87599999999978,128.06373599999955,150.01011199999994
up,91.99200000000016,0,109.91535199999956,131.86172799999997,-182.28399999999976,-182.28399999999976,119.18062399999955,141.12699999999995
up,72.58800000000016,0,92.05151999999957,113.99789599999998,-183.06799999999976,-183.06799999999976,100.99303999999957,122.93941599999998
up,51.996000000000166,0,73.01246399999958,94.95884,-183.89999999999975,-183.89999999999975,82.36015199999957,104.30652799999999
up,32.79000000000016,0,55.17426399999961,77.12064000000002,-184.67599999999973,-184.67599999999973,64.5615279999996,86.50790400000001
stop,23.286000000000165,0,46.31903199999962,68.26540800000004,-185.05999999999972,-185.05999999999972,55.17426399999961,77.12064000000002
down,23.286000000000165,0,83.20838399999988,64.68746399999993,189.4999999999997,189.4999999999997,73.74338399999989,55.222463999999945
stop,280.48800000000017,0,336.1184879999995,317.5975679999995,199.89199999999965,199.89199999999965,326.1338879999995,307.6129679999995
down,280.48800000000017,0,396.4460879999994,377.9251679999994,202.29199999999963,202.29199999999963,386.5433839999994,368.0224639999994
stop,369.58800000000014,0,488.28748799999914,463,205.8919999999996,-205.8919999999996,478.0028879999992,459.4819679999992
up,369.58800000000014,0,559.222184,264.1729520000004,-213.49199999999956,-213.49199999999956,569.442152,274.3929200000004
up,250.59000000000012,0,429.70991200000003,134.6606800000007,-218.2999999999995,-218.2999999999995,440.594912,145.5456800000007
up,241.08600000000013,0,419.24072800000005,124.19149600000071,-218.6839999999995,-218.6839999999995,429.70991200000003,134.6606800000007
up,221.28600000000012,0,397.3723440000001,102.32311200000075,-219.48399999999947,-219.48399999999947,408.5348160000001,113.48558400000073
stop,221.28600000000012,0,397.3723440000001,102.32311200000075,-219.48399999999947,-219.48399999999947,408.5348160000001,113.48558400000073
down,221.28600000000012,0,352.73477600000024,57.68554400000086,-221.10799999999946,-221.10799999999946,364.4197920000002,69.37056000000084
stop,270.1920000000001,0,297.9749920000003,28.366879999999973,-223.08399999999943,223.08399999999943,309.3210640000003,17
up,270.1920000000001,0,263.58853600000043,62.81667999999989,-224.3159999999994,224.3159999999994,275.6666080000004,50.71527999999992
stop,220.8900000000001,0,207.5854880000006,118.91936799999974,-226.3079999999994,226.3079999999994,218.64576800000057,107.83987999999977
down,220.8900000000001,0,174.5162320000007,152.04559999999964,-227.4759999999994,227.4759999999994,185.18109600000068,141.36306399999967
stop,300.88200000000006,0,82.12674400000093,244.59876799999938,-230.7079999999994,230.7079999999994,94.3205600000009,232.38247999999942
down,300.88200000000006,0,218.7310879999995,414.54601600000007,239.90799999999936,-239.90799999999936,206.50618399999954,426.75011200000006
stop,369.588,0,302.46079999999927,330.9540080000002,242.68399999999934,-242.68399999999934,290.3365999999993,343.0582080000002
up,369.588,0,339.1972879999991,294.2783920000003,243.8919999999993,-243.8919999999993,326.76919999999916,306.68567200000024
up,260.886,0,474.29959999999863,159.3957360000007,248.2839999999993,-248.2839999999993,461.8953999999987,171.77993600000067
up,240.49200000000002,0,499.9152879999985,133.82248800000076,249.1079999999993,-249.1079999999993,486.9724879999986,146.74365600000073
up,220.692,0,524.8660879999984,108.91183200000083,249.9079999999993,-249.9079999999993,511.6321999999984,122.1232480000008
up,210.39600000000002,0,537.8721199999983,95.92743200000086,250.3239999999993,-250.3239999999993,524.8660879999984,108.91183200000083
stop,121.69200000000001,0,5,160.5443437937241,157.5,157.5,650.820087999998,17
down,121.69200000000001,0,124.88453599999998,280.4288797937239,163.47599999999994,163.47599999999994,117.20999999999998,272.75434379372393
down,230.79000000000005,0,216.17421599999992,371.7185597937237,167.8839999999999,167.8839999999999,207.79001599999992,363.33435979372376
down,250.19400000000005,0,232.6652639999999,388.20960779372376,168.6679999999999,168.6679999999999,224.4101359999999,379.95447979372375
down,270.78600000000006,0,250.2499999999999,405.7943437937237,169.4999999999999,169.4999999999999,241.4468159999999,396.99115979372374
down,281.08200000000005,0,259.0748159999998,414.6191597937237,169.91599999999988,169.91599999999988,250.2499999999999,405.7943437937237
down,300.88200000000006,0,276.1064159999998,431.6507597937237,170.71599999999987,170.71599999999987,266.8994159999998,422.4437597937237
down,320.4840000000001,0,293.0465039999998,448.5908477937237,171.50799999999987,171.50799999999987,283.7967359999998,439.3410797937237
down,329.5920000000001,0,300.9443359999998,456.4886797937237,171.87599999999986,171.87599999999986,293.0465039999998,448.5908477937237
down,349.3920000000001,0,318.1719359999998,454.56768800000003,172.67599999999985,-172.67599999999985,309.7204159999998,463
stop,360.2820000000001,0,327.6812159999998,445.082608,173.11599999999984,-173.11599999999984,318.1719359999998,454.56768800000003
up,360.2820000000001,0,450.8224159999996,322.22243199999997,178.71599999999984,-178.71599999999984,441.0051359999996,332.015512
stop,212.37600000000003,0,586.5553039999994,186.78777600000006,184.69199999999975,-184.69199999999975,577.1464159999995,196.17585600000007
up,212.37600000000003,0,538.3497360000001,107.12816600000015,-189.89999999999972,-96.75399999999989,547.4372880000001,111.74471000000015
stop,133.17600000000002,0,461.91023200000035,67.94706200000019,-193.0999999999997,-99.9539999999999,472.1108240000003,73.21091600000018
down,133.17600000000002,0,123.172880000001,141.8612839999999,-206.68399999999954,113.53799999999993,133.06606400000098,136.4206759999999
stop,183.072,0,70.93624000000113,170.72687599999986,-208.69999999999953,115.55399999999993,81.7561920000011,164.72888399999985
up,183.072,0,198.6781119999995,308.6544839999998,217.88399999999945,124.73799999999994,187.79391199999952,302.4275839999998
stop,152.976,0,231.8888959999994,327.7070759999998,219.09999999999943,125.95399999999995,220.72519999999943,321.2938259999998
down,152.976,0,454.5347119999986,457.39318399999956,227.08399999999938,133.93799999999993,443.19051199999865,450.7062839999996
stop,261.8760000000001,0,580.640911999998,395.1646140000001,231.4839999999993,-138.33799999999985,569.3077999999981,401.91436400000003
down,261.8760000000001,0,604.061599999998,381.1924800000001,232.2919999999993,-139.14599999999984,592.225111999998,388.2577140000001
stop,351.17400000000004,0,540.600448,317.8048700000001,-235.89999999999927,-142.75399999999982,552.600136,325.0541120000001
up,351.17400000000004,0,434.0541840000003,253.08116000000015,-239.49199999999928,-146.34599999999983,445.9987840000003,260.36846000000014
up,241.68000000000015,0,300.61442400000055,171.15113800000017,-243.9159999999993,-150.76999999999984,313.5082640000005,179.10824000000017
up,222.67200000000017,0,277.1984880000006,156.6772180000002,-244.68399999999926,-151.5379999999998,288.9156720000006,163.9233940000002
up,202.47600000000017,0,252.24073600000068,141.22035800000023,-245.49999999999926,-152.35399999999981,264.9742880000006,149.1103180000002
up,192.77400000000017,0,240.22084000000072,133.76461600000025,-245.89199999999926,-152.7459999999998,252.24073600000068,141.22035800000023
up,172.77600000000018,0,215.3857840000008,118.33730600000027,-246.69999999999925,-153.5539999999998,228.18173600000074,126.28966600000025
up,152.97600000000017,0,190.71578400000087,102.98190600000031,-247.49999999999926,-154.35399999999981,203.06078400000084,110.66960600000029
up,143.27400000000017,0,178.5978880000009,95.42816400000031,-247.89199999999926,-154.7459999999998,190.71578400000087,102.98190600000031
up,123.27600000000018,0,153.56083200000097,79.79885400000033,-248.69999999999925,-155.5539999999998,166.46078400000093,87.85521400000032
up,103.47600000000017,0,128.69083200000102,64.24345400000036,-249.49999999999926,-156.35399999999981,141.135832000001,72.03115400000034
up,93.57600000000016,0,116.22583200000106,56.435754000000365,-249.89999999999927,-156.75399999999982,128.69083200000102,64.24345400000036
up,73.77600000000017,0,91.23584800000113,40.760370000000385,-250.69999999999925,-157.5539999999998,103.9903360000011,48.76441200000038
up,53.77800000000017,0,65.9151520000012,24.84742000000041,-251.50799999999924,-158.3619999999998,78.46055200000116,32.7355200000004
up,44.07600000000017,0,53.60086400000124,17.09728600000042,-251.89999999999924,-158.7539999999998,65.9151520000012,24.84742000000041
up,24.474000000000174,0,28.66280000000132,25.12644199999999,-252.6919999999992,159.54599999999976,41.518880000001275,17
up,12,0,29.66499999999996,45.28024199999996,253.4999999999992,240.33099999999965,17,33.273691999999976
up,12,0,42.349999999999916,57.30679199999994,253.8999999999992,240.73099999999965,29.66499999999996,45.28024199999996
up,12,0,68.54413599999984,82.1445209999999,254.7239999999992,241.55499999999964,54.80070399999988,69.11221499999992
stop,12,0,93.28999999999978,105.61299199999986,255.4999999999992,242.33099999999965,80.5249999999998,93.50644199999988
down,12,0,209.33410399999937,215.71787699999962,259.10799999999915,245.93899999999965,196.38870399999942,203.43092699999966
stop,328.998,0,623,309.4320720000002,-271.9159999999988,-258.74699999999956,620.8330159999977,322.3394220000002
up,328.998,0,486.2420320000006,179.25860400000045,-275.9159999999987,-262.74699999999945,500.0078320000006,192.36595400000044
stop,249.79800000000006,0,375.39566400000115,73.67983600000068,-279.1159999999986,-265.9469999999994,389.04353600000104,86.68242700000064
down,249.79800000000006,0,319.2125520000014,20.14369300000081,-280.72399999999857,-267.5549999999993,333.4982640000013,33.75778600000077
stop,319.09800000000007,0,220.60921600000188,98.28239399999978,-283.5239999999986,270.35499999999934,235.0377280000018,84.50469299999983
up,319.09800000000007,0,163.82446400000214,152.51339399999964,-285.1239999999986,271.95499999999936,178.33457600000207,138.65409299999968
stop,269.7960000000001,0,92.67980800000247,220.47819299999944,-287.11599999999856,273.9469999999993,106.7196800000024,207.06439399999948
down,269.7960000000001,0,295.36067999999835,364.5290210000003,297.11599999999834,-283.9469999999991,279.9214639999985,379.26181700000024
stop,408,0,520.144567999997,149.908354000001,303.10799999999824,-289.938999999999,505.90732799999705,163.50897900000095
up,408,0,581.5355999999966,91.25923600000121,304.72399999999817,-291.5549999999989,565.3964639999966,106.67794300000116
up,299.2980000000001,0,500.7642480000006,39.19645549999993,-309.11599999999805,149.5654999999995,515.8821200000004,31.87734999999995
up,280.29000000000013,0,471.08912800000076,53.59160749999989,-309.883999999998,150.3334999999995,486.24463200000065,46.23486999999991
stop,181.09200000000013,0,315.03443200000174,129.91269499999962,-313.891999999998,154.34149999999946,330.69903200000164,122.20561999999964
down,181.09200000000013,0,187.73267200000254,192.9195249999994,-317.123999999998,157.57349999999943,203.87478400000245,184.89368049999942
stop,280.0920000000001,0,28.370912000003592,272.70627499999904,-321.123999999998,161.57349999999937,45.03691200000349,264.3152689999991
up,280.0920000000001,0,34.69415999999989,289.06600249999894,321.93199999999797,162.38149999999936,17,280.147119999999
stop,191.38800000000015,0,179.72251199999903,362.6157304999986,325.515999999998,165.96549999999934,163.13159999999914,354.16189399999865
down,191.38800000000015,0,623,332.97629100000046,-336.31599999999787,-176.76549999999924,609.3173999999962,341.9601195000004
stop,269.99400000000014,0,489.0098960000008,262.32773550000064,-339.49199999999786,-179.9414999999992,505.27786400000076,270.9372795000006
up,269.99400000000014,0,420.0108160000012,225.7174070000008,-341.1159999999978,-181.5654999999992,437.0366160000011,234.76568200000077
up,161.4900000000001,0,232.09670400000232,125.23696900000122,-345.49999999999767,-185.9494999999992,249.3417040000022,134.50444400000117
up,141.69000000000008,0,197.54670400000253,106.64201900000131,-346.2999999999976,-186.74949999999922,214.83170400000242,115.94949400000127
up,121.2960000000001,0,161.8778080000028,87.40682450000139,-347.12399999999764,-187.5734999999992,179.89580800000266,97.12819850000135
up,112.1880000000001,0,145.91856800000292,78.78690750000143,-347.49199999999763,-187.9414999999992,161.8778080000028,87.40682450000139
up,91.7940000000001,0,110.12689600000316,59.428937000001504,-348.31599999999764,-188.76549999999918,128.20688000000303,69.21229500000146
up,72.3900000000001,0,75.99192800000338,40.92991800000159,-349.09999999999764,-189.54949999999917,93.06901600000327,50.18903150000155
up,62.2920000000001,0,58.19823200000351,31.273297500001636,-349.50799999999765,-189.95749999999916,75.99192800000338,40.92991800000159
up,42.888000000000105,0,23.946448000003738,17,-350.29199999999764,190.74149999999915,41.081944000003624,21.974984000001676
up,22.494000000000106,0,635,379.4595340253058,-157.5,157.5,-12.13362399999602,36.68881049999991
up,12.990000000000107,0,627.4492160000001,387.0287500253058,-157.884,157.884,635,379.4595340253058
up,12,0,611.0294240000001,403.49195002530575,-158.71599999999998,158.71599999999998,619.7225040000001,394.7746700253058
up,12,0,595.4755120000002,419.0845340253058,-159.5,159.5,603.8953040000001,410.6422700253058
up,12,0,587.8287280000003,426.7497500253058,-159.884,159.884,595.4755120000002,419.0845340253058
stop,12,0,579.8445280000003,434.75395002530576,-160.284,160.284,587.8287280000003,426.7497500253058
down,12,0,555.1293360000003,459.53255002530574,-161.516,161.516,563.9764160000003,450.6612700253058
down,130.8,0,457.02071200000023,372.151496,-166.316,-166.316,466.13179200000025,381.262576
down,149.61,0,441.2206960000002,356.35148,-167.076,-167.076,449.2126960000002,364.34348
stop,160.104,0,432.3769040000002,347.507688,-167.5,-167.5,441.2206960000002,356.35148
up,160.104,0,398.9652880000001,314.0960719999999,-169.09199999999998,-169.09199999999998,407.5577680000001,322.6885519999999
stop,71.20200000000001,0,322.4162800000001,237.54706399999995,-172.684,-172.684,330.5059200000001,245.63670399999995
up,71.20200000000001,0,226.27408799999998,141.40487199999995,-177.09199999999996,-177.09199999999996,234.57090399999998,149.70168799999996
stop,12,0,172.19171999999998,87.32250399999997,-179.52399999999992,-179.52399999999992,181.31623199999999,96.44701599999996
down,12,0,82.36114400000008,34.761087999999994,-183.49199999999988,183.49199999999988,91.32344000000008,25.779583999999996
stop,91.002,0,17,108.61119999999991,186.6839999999998,93.3419999999999,17.603552000000136,99.65958399999992
down,91.002,0,26.718383999999986,113.47579999999991,187.0999999999998,93.7579999999999,17,108.61119999999991
stop,170.00400000000002,0,102.00808799999989,151.5220459999998,190.29199999999977,96.94999999999992,92.31359999999991,146.5879999999998
down,170.00400000000002,0,218.2085999999997,211.4373319999997,195.11599999999976,101.77399999999993,208.26808799999972,206.2572619999997
stop,367.60799999999995,0,416.91838399999926,316.9917999999995,203.0999999999997,109.75799999999997,406.7733839999993,311.5138999999995
up,367.60799999999995,0,591.5141520000001,448.62246199999925,-212.30799999999957,118.96599999999998,602.310648,442.5655999999993
stop,298.5059999999999,0,517.0709040000004,438.530498,-215.09999999999954,-121.758,527.3680560000004,444.347234
up,298.5059999999999,0,463.5790160000005,408.187426,-217.08399999999955,-123.742,473.53948800000046,413.854166
stop,129.61199999999994,0,275.83945600000067,300.0685919999998,-223.90799999999953,-130.566,287.4502240000007,306.82557599999984
up,129.61199999999994,0,151.7006480000009,227.26788399999978,-228.30799999999954,-134.966,163.0860480000009,233.98618399999978
stop,70.80599999999993,0,83.65842400000106,186.94823399999981,-230.68399999999951,-137.34199999999998,94.24449600000104,193.2405739999998
down,70.80599999999993,0,71.67367200000109,179.81726599999982,-231.0999999999995,-137.75799999999998,83.65842400000106,186.94823399999981
down,189.60599999999997,0,98.84189599999982,71.57361899999985,235.89999999999947,-212.44099999999992,87.05689599999984,82.16566899999984
down,199.10999999999996,0,110.17431199999979,61.385666999999856,236.28399999999945,-212.8249999999999,98.84189599999982,71.57361899999985
stop,209.00999999999996,0,121.99851199999976,50.754416999999854,236.68399999999946,-213.2249999999999,110.17431199999979,61.385666999999856
down,209.00999999999996,0,314.14879999999926,146.91011799999993,243.09199999999942,219.63299999999987,302.4895999999993,136.3769499999999
stop,396.9119999999999,0,548.4455119999984,358.9442389999998,250.6839999999993,227.22499999999974,535.6710319999985,347.36616799999985
up,396.9119999999999,0,520.7692080000004,416.438251,-256.31599999999924,-232.85699999999972,534.3202480000003,428.74596399999996
up,278.7059999999999,0,366.56097600000084,276.23504200000013,-261.09199999999925,-237.63299999999964,379.3256720000008,287.8502470000001
up,268.2119999999999,0,352.7343360000009,263.65172900000016,-261.5159999999992,-238.05699999999965,366.56097600000084,276.23504200000013
up,249.40199999999987,0,327.89035200000103,241.0363500000002,-262.2759999999992,-238.81699999999964,340.71306400000094,252.70957100000018
up,228.8099999999999,0,300.6136480000011,216.19938200000024,-263.1079999999992,-239.64899999999963,314.26281600000107,228.62868200000023
up,218.71199999999988,0,287.2055440000011,203.98768700000025,-263.5159999999992,-240.05699999999962,300.6136480000011,216.19938200000024
up,199.10999999999987,0,261.1175600000011,180.2221440000003,-264.3079999999992,-240.84899999999962,274.8291280000011,192.71384400000028
up,179.70599999999985,0,235.2154400000012,156.61900600000033,-265.0919999999992,-241.6329999999996,248.70392000000115,168.91107700000032
up,169.80599999999984,0,221.97084000000123,144.54735600000032,-265.49199999999917,-242.03299999999962,235.2154400000012,156.61900600000033
up,149.80799999999985,0,195.1561840000013,120.10205900000035,-266.29999999999916,-242.8409999999996,208.97133600000126,132.69734300000033
up,130.20599999999985,0,168.79248800000136,96.06080400000039,-267.09199999999913,-243.6329999999996,182.11708800000133,108.21245400000036
up,120.30599999999984,0,155.4478880000014,83.88915400000042,-267.4919999999991,-244.03299999999962,168.79248800000136,96.06080400000039
up,100.30799999999984,0,128.43120000000147,59.24182500000045,-268.2999999999991,-244.8409999999996,142.08328800000143,71.69750400000044
up,80.70599999999983,0,101.86950400000156,35.00257000000049,-269.0919999999991,-245.6329999999996,115.29410400000151,47.25422000000047
up,71.00399999999983,0,88.6936000000016,22.97615700000051,-269.48399999999907,-246.0249999999996,101.86950400000156,35.00257000000049
up,51.20399999999984,0,61.74521600000169,29.08482099999998,-270.2839999999991,246.8249999999996,74.96032000000164,17
stop,31.20599999999984,0,34.44672800000179,54.05494999999994,-271.0919999999991,247.63299999999958,47.16154400000175,42.42503499999996
down,31.20599999999984,0,34.44672800000179,54.05494999999994,-271.0919999999991,247.63299999999958,47.16154400000175,42.42503499999996
stop,219.70199999999983,0,251.82748799999914,187.47351949999975,278.70799999999895,131.03649999999982,237.0671999999992,180.53982099999976
down,219.70199999999983,0,350.42831999999873,234.09398349999967,281.5239999999989,133.8524999999998,336.0809999999988,227.27790999999968
stop,357.7079999999999,0,548.593783999998,329.3324119999995,287.09999999999894,139.42849999999973,533.9620879999981,322.23196249999955
up,357.7079999999999,0,623,371.2373209999995,-289.4839999999989,141.81249999999974,620.0405999999978,364.1566959999995
stop,268.21200000000005,0,491.51798400000047,436.1537869999993,-293.0999999999988,145.42849999999976,506.7267360000004,428.60232099999934
up,268.21200000000005,0,432.2303920000006,463,-294.71599999999876,-147.04449999999974,447.5231760000006,458.0580619999992
stop,228.81000000000006,0,373.5029680000008,433.6592045,-296.30799999999874,-148.63649999999973,388.87853600000074,441.3558545
up,228.81000000000006,0,225.44792800000147,358.9969000000001,-300.28399999999874,-152.61249999999967,239.2356000000014,365.9916830000001
stop,179.31000000000006,0,150.22697600000177,320.6938230000001,-302.2839999999987,-154.61249999999967,165.01008000000172,328.2410235000001
down,179.31000000000006,0,119.9985760000019,305.2325730000002,-303.08399999999864,-155.41249999999968,135.12277600000183,312.97319800000014
down,298.70400000000006,0,94.6446879999996,190.29334225000022,307.9079999999984,-239.34274999999957,78.3367999999997,202.9448000000002
down,308.01000000000005,0,109.12519999999954,179.05306900000025,308.2839999999984,-239.71874999999957,94.6446879999996,190.29334225000022
stop,328.00800000000004,0,140.30268799999936,154.84147925000028,309.0919999999984,-240.52674999999957,124.54939999999947,167.07713150000026
up,328.00800000000004,0,342.5881999999982,29.03061474999998,314.2839999999983,245.71874999999955,327.1978879999983,17
stop,70.41000000000014,0,494.24398400000075,355.4811124999993,-324.6919999999982,256.12674999999945,510.44858400000066,342.6847749999993
down,70.41000000000014,0,98.66671200000292,265.7251480000005,-334.30799999999795,-265.7427499999992,116.0182800000028,279.51132300000046
down,189.21000000000015,0,595.3163519999998,342.2828352201926,-159.50799999999998,159.50799999999998,603.4200479999998,334.1583312201926
down,208.81200000000015,0,579.5250639999998,358.11333122019266,-160.29999999999998,160.29999999999998,587.5100639999998,350.10833122019267
down,218.51400000000015,0,571.6799679999998,365.97763522019267,-160.69199999999998,160.69199999999998,579.5250639999998,358.11333122019266
stop,238.51200000000017,0,555.4500799999998,382.24833122019265,-161.49999999999997,161.49999999999997,563.6553679999998,374.02223522019267
up,238.51200000000017,0,381.7160959999998,370.98063199999996,-169.90799999999993,-169.90799999999993,390.1814959999998,379.44603199999995
up,119.71200000000022,0,278.5714559999998,267.8359919999999,-174.70799999999988,-174.70799999999988,287.2768559999998,276.5413919999999
up,99.9120000000002,0,261.1006559999998,250.36519199999992,-175.5079999999999,-175.5079999999999,269.8460559999998,259.11059199999994
up,90.0120000000002,0,252.3352559999998,241.59979199999992,-175.9079999999999,-175.9079999999999,261.1006559999998,250.36519199999992
up,70.21200000000019,0,234.74451999999982,224.00905599999996,-176.70799999999988,-176.70799999999988,243.9008879999998,233.16542399999994
up,50.41200000000019,0,217.0737199999998,206.33825599999994,-177.5079999999999,-177.5079999999999,225.91911999999982,215.18365599999996
up,40.51200000000019,0,208.20831999999982,197.47285599999995,-177.9079999999999,-177.9079999999999,217.0737199999998,206.33825599999994
up,20.712000000000195,0,190.41758399999983,179.68211999999997,-178.70799999999988,-178.70799999999988,199.67795199999983,188.94248799999997
up,12,0,172.54678399999983,161.81131999999997,-179.5079999999999,-179.5079999999999,181.49218399999984,170.75671999999997
stop,12,0,172.54678399999983,161.81131999999997,-179.5079999999999,-179.5079999999999,181.49218399999984,170.75671999999997
down,12,0,17.415079999999907,26.119487999999993,-186.30799999999988,186.30799999999988,26.5153599999999,17
down,130.99800000000002,0,120.90379999999995,88.18849999999996,191.11599999999987,97.75799999999997,111.35799999999995,83.31059999999995
stop,130.99800000000002,0,120.90379999999995,88.18849999999996,191.11599999999987,97.75799999999997,111.35799999999995,83.31059999999995
down,130.99800000000002,0,236.22979999999978,147.87313199999994,195.88399999999984,102.52599999999998,226.6410879999998,142.85896199999993
stop,320.0879999999999,0,426.9471199999996,249.4335619999998,203.52399999999983,110.16600000000004,416.7809199999996,243.9352619999998
down,320.0879999999999,0,457.3609999999996,265.9370999999998,204.71599999999984,111.35800000000005,447.1351999999996,260.3791999999998
stop,339.8879999999999,0,477.8725999999995,277.1128999999998,205.51599999999982,112.15800000000004,467.1965839999996,271.2914999999998
down,339.8879999999999,0,549.8765839999994,316.6282999999997,208.29999999999978,114.94200000000005,539.2636879999994,310.7766619999997
stop,408,0,612.876032,363.12696199999965,-211.4919999999998,118.13400000000007,623,357.4657459999997
up,408,0,407.63794400000006,449.88193399999994,-219.13199999999978,-125.7740000000001,419.21823200000006,456.51424799999995
up,299.298,0,286.34848000000017,379.8460119999999,-223.52399999999975,-130.16600000000008,298.16154400000016,386.7111019999999
up,279.894,0,264.4433840000002,367.0899999999999,-224.30799999999977,-130.9500000000001,276.2980000000002,373.99664199999995
up,259.698,0,241.56403200000022,353.73316399999993,-225.12399999999977,-131.7660000000001,252.56629600000022,360.1608859999999
up,249.59999999999997,0,230.09311200000025,347.0235019999999,-225.53199999999975,-132.1740000000001,241.56403200000022,353.73316399999993
up,230.59199999999998,0,208.44218400000028,334.3349419999999,-226.29999999999976,-132.9420000000001,219.95227200000028,341.0837719999999
up,210.19799999999998,0,185.1333840000003,320.6420159999999,-227.12399999999974,-133.76600000000008,197.3630880000003,327.8303879999999
up,201.08999999999997,0,174.6941440000003,314.4972439999999,-227.49199999999973,-134.13400000000007,185.1333840000003,320.6420159999999
up,181.09199999999998,0,151.71748800000034,300.9497459999999,-228.29999999999973,-134.94200000000006,163.55664000000033,307.93428199999994
stop,171.39,0,140.54039200000037,294.3471919999999,-228.69199999999972,-135.33400000000006,151.71748800000034,300.9497459999999
down,171.39,0,48.353176000000495,239.59653399999976,-231.89999999999972,-138.54200000000006,60.14886400000048,246.63096399999978
stop,289.99199999999996,0,122.23519999999985,124.11064799999971,236.69199999999967,-213.20900000000003,111.35583199999986,133.8928699999997
up,289.99199999999996,0,400.7046319999993,160.11388699999998,245.92399999999955,222.44099999999992,388.17291199999937,148.7798
stop,92.78399999999995,0,598.4477840000001,385.63318699999985,-253.89199999999946,230.40899999999982,611.112384,374.12273699999986
down,92.78399999999995,0,559.5712400000002,420.97939999999977,-255.11599999999942,231.63299999999978,572.5509440000002,409.1765209999998
stop,181.28999999999996,0,444.9133200000005,404.548198,-258.6919999999993,-235.20899999999978,457.04533600000053,415.57651300000003
up,181.28999999999996,0,392.8357840000006,357.19074500000005,-260.29999999999933,-236.81699999999978,406.3389360000006,369.47278100000005
up,61.89599999999994,0,234.66368800000103,213.17889800000012,-265.12399999999934,-241.6409999999997,248.945392000001,226.19252000000012
up,51.79799999999994,0,221.15276800000106,200.86561100000011,-265.53199999999936,-242.0489999999997,234.66368800000103,213.17889800000012
up,32.39399999999994,0,195.1310320000011,177.14520900000014,-266.31599999999935,-242.83299999999969,209.47710400000108,190.22319900000014
stop,12,0,155.4203680000012,140.93351200000018,-267.50799999999936,-244.02499999999966,168.49944800000117,152.86192500000016
down,12,0,47.93760000000149,42.843944000000306,-270.7079999999993,-247.22499999999965,61.71249600000145,55.42120700000029
stop,121.098,0,579.5252239999999,450.61635934592425,-160.29999999999993,160.29999999999993,587.6693119999999,442.45146334592425
up,121.098,0,415.4581439999999,314.96285600000016,-168.3079999999998,-168.3079999999998,424.3447599999999,323.84947200000016
up,12.198000000000008,0,321.8991759999999,221.40388800000022,-172.7079999999997,-172.7079999999997,331.1904159999999,230.6951280000002
stop,12,0,313.9630719999999,213.46778400000025,-173.0759999999997,-173.0759999999997,321.8991759999999,221.40388800000022
down,12,0,118.45600000000024,17.960712000000598,-181.9079999999997,-181.9079999999997,127.88276800000023,27.387480000000583
down,130.20600000000002,0,8.669312000000438,117.91931199999979,-186.68399999999966,186.68399999999966,17.41695200000042,109.15399999999981
stop,130.20600000000002,0,8.669312000000438,117.91931199999979,-186.68399999999966,186.68399999999966,17.41695200000042,109.15399999999981
down,130.20600000000002,0,465.63597599999997,254.15242594972528,-165.89999999999995,165.89999999999995,473.406768,246.36396194972528
down,249.79800000000003,0,364.21653599999996,355.8152899497252,-170.73199999999997,170.73199999999997,373.23162399999995,346.7777299497252
down,269.40000000000003,0,347.31407199999995,372.7569619497252,-171.52399999999997,171.52399999999997,355.68993599999993,364.3618899497252
down,278.706,0,339.26127999999994,380.8274259497252,-171.89999999999998,171.89999999999998,347.31407199999995,372.7569619497252
stop,288.606,0,330.6762799999999,389.43242594972514,-172.29999999999998,172.29999999999998,339.26127999999994,380.8274259497252
up,288.606,0,163.58307999999985,374.77165599999995,-179.90799999999993,-179.90799999999993,172.72717599999984,383.91575199999994
stop,189.20999999999998,0,72.4632959999999,283.65187199999997,-183.92399999999992,-183.92399999999992,82.1775599999999,293.366136
down,189.20999999999998,0,25.962367999999923,237.1509439999999,-185.9399999999999,-185.9399999999999,36.15276799999992,247.34134399999988
down,307.416,0,111.35799999999993,78.27821599999999,190.71599999999987,-284.0739999999998,102.21284799999995,91.88611999999998
stop,307.416,0,111.35799999999993,78.27821599999999,190.71599999999987,-284.0739999999998,102.21284799999995,91.88611999999998
up,307.416,0,396.10388799999964,366.3252619999995,202.30799999999977,295.66599999999966,386.4023199999997,352.14250999999956
stop,129.216,0,581.4210879999995,297.5565900000001,209.50799999999967,-302.86599999999964,571.7921839999995,311.46303400000005
down,129.216,0,463.34476000000035,17,-217.1159999999996,310.4739999999996,474.38646400000033,22.098102000000456
down,237.918,0,343.1620800000004,188.65582999999972,-221.50799999999958,314.8659999999995,353.7668160000004,173.55147799999975
down,257.718,0,321.0112800000004,220.18242999999967,-222.3079999999996,315.6659999999994,332.0966800000004,204.4091299999997
down,277.32000000000005,0,299.00311200000044,251.47256799999963,-223.0999999999996,316.45799999999946,309.01831200000044,237.24005799999964
down,287.8140000000001,0,287.19004800000044,268.2560779999996,-223.5239999999996,316.88199999999944,299.00311200000044,251.47256799999963
down,307.41600000000005,0,265.0611760000005,299.66659999999956,-224.3159999999996,317.6739999999994,276.2469760000005,283.7928999999996
down,327.01800000000003,0,242.85389600000053,331.15552999999954,-225.1079999999996,318.4659999999994,253.85537600000052,315.56029999999953
down,337.314,0,231.15909600000055,347.7265779999995,-225.5239999999996,318.8819999999994,242.85389600000053,331.15552999999954
down,356.91600000000005,0,208.8322560000006,379.33509999999944,-226.31599999999958,319.6739999999994,220.34316000000058,363.0421299999995
stop,356.91600000000005,0,208.8322560000006,379.33509999999944,-226.31599999999958,319.6739999999994,220.34316000000058,363.0421299999995
up,356.91600000000005,0,197.97830400000063,394.6886679999994,-226.69999999999956,320.0579999999994,208.8322560000006,379.33509999999944
up,247.81800000000004,0,72.0738240000009,367.42576000000014,-231.10799999999952,-324.46599999999944,83.36930400000088,383.2957820000001
up,227.42400000000004,0,48.26970400000095,334.00576600000016,-231.9319999999995,-325.28999999999945,60.06702400000092,350.5643440000001
up,208.02000000000004,0,25.540432000001005,302.1274100000002,-232.7159999999995,-326.07399999999944,37.37773600000098,318.7259720000002
stop,197.72400000000005,0,13.450016000001032,285.18237800000026,-233.1319999999995,-326.48999999999944,25.540432000001005,302.1274100000002
down,197.72400000000005,0,-9.396903999998917,262.72400000000005,-233.91599999999949,327.27399999999943,2.2688960000010563,269.52007400000025
stop,256.92600000000004,0,-9.396903999998917,262.72400000000005,-233.91599999999949,327.27399999999943,2.2688960000010563,269.52007400000025
